Location,Format
Cannon Street Station,Transvision Screen
Barking Station,Transvision Screen
Camden Sattion,Transvision Screen
Kings Cross Station,Transvision Screen
Kings Cross St Pancras Station,Transvision Screen
Lverpool Street Station,Transvision Screen
Fenchurch Street Station,Transvision Screen
London Bridge Station,Transvision Screen
Waterloo Station,Transvision Screen
Victoria Station,Transvision Screen
Charing Cross Station,Transvision Screen
Blackfriars Station,Transvision Screen
Reading Station,Transvision Screen
Liverpool Lime Street Station,Transvision Screen
Manchhester Victoria Station,Transvision Screen
Manchester Picadilly Station,Transvision Screen
Waterloo Station,Motion Waterloo
Waterloo Station,Rail Digital 6 Sheet
Bedford Station,Rail Digital 6 Sheet
Cambridge Station,Rail Digital 6 Sheet
Chelmsford Station,Rail Digital 6 Sheet
Colchester Station,Rail Digital 6 Sheet
Ely Station,Rail Digital 6 Sheet
Hitchin Station,Rail Digital 6 Sheet
Ipswich Station,Rail Digital 6 Sheet
Milton Keynes Central Station,Rail Digital 6 Sheet
Northampton Station,Rail Digital 6 Sheet
Birkenhead Hamilton Square Station,Rail Digital 6 Sheet
Blackburn Station,Rail Digital 6 Sheet
Crewe Station,Rail Digital 6 Sheet
Liverpool Lime Street Station,Rail Digital 6 Sheet
Liverpool Central Station,Rail Digital 6 Sheet
Liverpool Moorfields Station,Rail Digital 6 Sheet
Manchester Piccadilly Station,Rail Digital 6 Sheet
Manchester Victoria Station,Rail Digital 6 Sheet
Preston Station,Rail Digital 6 Sheet
Southport Station,Rail Digital 6 Sheet
St Helens Central Station,Rail Digital 6 Sheet
Stalybridge Station,Rail Digital 6 Sheet
Stockport Station,Rail Digital 6 Sheet
Wigan Wallgate Station,Rail Digital 6 Sheet
Braintree,Road Digital 6 Sheet
Cambridge,Road Digital 6 Sheet
Ipswich,Road Digital 6 Sheet
Norwich,Road Digital 6 Sheet
Northampton,Road Digital 6 Sheet
Peterborough,Road Digital 6 Sheet
Blackpool,Road Digital 6 Sheet
Bolton,Road Digital 6 Sheet
Liverpool,Road Digital 6 Sheet
Macclesfield,Road Digital 6 Sheet
Manchester,Road Digital 6 Sheet
Newton-le-Willows,Road Digital 6 Sheet
St Helens,Road Digital 6 Sheet
Warrington,Road Digital 6 Sheet
